provider_slug,entity_type,entity_name,parent_entity,country_code,admin_area,locality,lat,lon,location_precision,metric,value,value_low,value_high,value_original,status,scope,ownership,landlord,effective_date,effective_date_kind,claim_type,source_tier,source_publisher,source_title,source_url,source_published_date,excerpt,notes
aws,provider,Amazon Web Services,,,,,,,unknown,region_count,39,,,39 Geographic Regions,operational,provider_wide,owned,,2026-10-09,as_of,reported,1,Amazon Web Services,AWS Global Infrastructure,https://aws.amazon.com/about-aws/global-infrastructure/,,The AWS Cloud spans 124 Availability Zones within 39 Geographic Regions,Page is undated; effective_date is the fetch date. Counts exclude announced regions.
aws,provider,Amazon Web Services,,,,,,,unknown,az_count,124,,,124 Availability Zones,operational,provider_wide,owned,,2026-10-09,as_of,reported,1,Amazon Web Services,AWS Global Infrastructure,https://aws.amazon.com/about-aws/global-infrastructure/,,The AWS Cloud spans 124 Availability Zones within 39 Geographic Regions,Page is undated; effective_date is the fetch date.
aws,provider,Amazon Web Services (announced regions),,,,,,,unknown,region_count,2,,,2 more AWS Regions,announced,provider_wide,owned,,2026-10-09,as_of,reported,1,Amazon Web Services,AWS Global Infrastructure,https://aws.amazon.com/about-aws/global-infrastructure/,,"with announced plans for 7 more Availability Zones and 2 more AWS Regions in the Kingdom of Saudi Arabia, and Chile.",Same sentence gives 7 announced Availability Zones. AWS's Saudi page says the Saudi region is on track for December 2026.
aws,campus,AWS New Carlisle campus (Indiana Enterprise Center),,US,Indiana,New Carlisle,,,locality,investment_usd,11000000000,,,$11 billion,announced,campus,owned,,2024-04-25,announced,reported,1,Amazon,AWS plans to invest $11 billion in Indiana,https://aboutamazon.com/news/aws/aws-indiana-investment-11-billion,,"AWS plans to invest $11 billion in Indiana, the largest capital investment in the state's history","Page shows no publication date; 2024-04-25 taken from AP and IEDC coverage of the same announcement. Page says campus 'to be built in the Indiana Enterprise Center (IEC) over the next decade'. New Carlisle locality from state coverage, not the AWS page."
aws,campus,AWS New Carlisle campus (Indiana Enterprise Center),,US,Indiana,New Carlisle,,,locality,facility_power_mw,2250,,,"2,250-megawatt capacity",under_construction,campus,owned,,2025-04-23,as_of,reported,4,The Times of Northwest Indiana (via GovTech),Indiana Data Center Could Bring Significant Power Use,https://www.govtech.com/artificial-intelligence/indiana-data-center-could-bring-significant-power-use,2025-04-23,"Seattle-based Amazon said the data center would have a 2,250-megawatt capacity.","Figure attributed to Amazon filings with the Indiana Utility Regulatory Commission; article says Amazon also reported a 90% load factor. Source does not say IT or utility power, so recorded as facility_power_mw. Full-build planned figure; campus under construction at article date. Utility: Indiana Michigan Power. Primary IURC filing not opened."
aws,campus,AWS Madison County campuses (Mississippi),,US,Mississippi,,,,locality,investment_usd,10000000000,,,$10 billion,announced,campus,owned,,2024-01-25,announced,reported,1,Amazon,AWS to invest $10 billion in Mississippi,https://aboutamazon.com/news/aws/aws-10-billion-investment-mississippi,,Amazon Web Services (AWS) plans to invest $10 billion to build two data center complexes,Page shows no publication date; 2024-01-25 from Mississippi governor and Southern Business coverage. Page: 'AWS will establish multiple data center complexes in two Madison County industrial parks'. Governor Reeves release of 2026-04-09 restates this as 'at least $10 billion'.
aws,campus,AWS Madison County campuses (Mississippi),,US,Mississippi,,,,locality,investment_usd,11000000000,,,$11 billion expansion,announced,campus,owned,,2026-04-09,announced,reported,2,Office of Governor Tate Reeves (Mississippi),Amazon Continues Mississippi Expansion With Plans to Invest $25 Billion Across State,https://governorreeves.ms.gov/?p=1600,2026-04-09,a planned $11 billion expansion of the company's existing data center operations in Madison County,"Incremental to the 2024 $10 billion. Same release: $1 billion Clinton (Hinds County) project at former Delphi plant, $3 billion Vicksburg project, statewide total $25 billion. Entergy Mississippi blog of 2026-04-09 repeats the $11 billion and $1 billion figures; no MW given anywhere."
aws,region,AWS Pennsylvania (Salem Township and Falls Township campuses),,US,Pennsylvania,,,,region_centroid,investment_usd,20000000000,20000000000,,at least $20 billion,announced,campus,owned,,2025-06-09,announced,reported,1,Amazon,Amazon to invest $20 billion in Pennsylvania to expand cloud infrastructure and AI innovation,https://aboutamazon.com/news/aws/amazon-pennsylvania-investment-cloud-infrastructure-ai-innovation,,Amazon today announced plans to invest at least $20 billion in Pennsylvania,"Page undated; 2025-06-09 inferred from Utility Dive (2025-06-11) 'Amazon on Monday said'. Page names Salem Township (Luzerne County, adjacent to Susquehanna nuclear plant) and Falls Township (Bucks County, Keystone Trade Center) as first two campuses; no MW on the page."
aws,campus,AWS Susquehanna campus (former Talen Cumulus Data campus),,US,Pennsylvania,Salem Township,,,locality,facility_power_mw,960,,,960-megawatt,announced,campus,owned,,2024-03-04,as_of,reported,4,Bisnow,Amazon Pays $650M For Nuclear-Powered Data Center Campus,https://www.bisnow.com/news/national/data-center/amazon-makes-650m-deal-for-nuclear-powered-data-center-campus-in-pennsylvania-123169,2024-03-04,it is selling its 960-megawatt Cumulus campus,"Full build-out 'potential' per Talen; Bisnow: 'AWS intends to continue building out the site to its full 960 MW potential'. Source does not say IT or utility power. Campus adjacent to Susquehanna Steam Electric Station; AWS bought site and assets outright, so ownership owned after close. Talen's own release (talenenergy.com, ir.talenenergy.com) not openly fetchable."
aws,facility,AWS Susquehanna campus first data center (Cumulus building 1),AWS Susquehanna campus (former Talen Cumulus Data campus),US,Pennsylvania,Salem Township,,,locality,facility_power_mw,48,,,48 MW,operational,facility,owned,,2024-03-04,as_of,reported,4,Bisnow,Amazon Pays $650M For Nuclear-Powered Data Center Campus,https://www.bisnow.com/news/national/data-center/amazon-makes-650m-deal-for-nuclear-powered-data-center-campus-in-pennsylvania-123169,2024-03-04,"The first hyperscale data center on the site, a 48 MW, 300K SF facility,","Built by Talen's Cumulus Data before the sale; 300,000 sq ft. IT vs utility not stated. Status 'operational' reflects the building existing at sale; tenant status at that date not confirmed."
aws,campus,AWS Susquehanna campus (former Talen Cumulus Data campus),,US,Pennsylvania,Salem Township,,,locality,investment_usd,650000000,,,$650M,announced,campus,owned,,2024-03-04,announced,reported,4,Bisnow,Amazon Pays $650M For Nuclear-Powered Data Center Campus,https://www.bisnow.com/news/national/data-center/amazon-makes-650m-deal-for-nuclear-powered-data-center-campus-in-pennsylvania-123169,2024-03-04,The $650M deal will see Amazon acquire both the site and the assets of,"Acquisition price for the site and assets, not construction spend. Bisnow also reports a 10-year power agreement with minimum usage rising in 120 MW increments and a cap of 480 MW on total commitments."
aws,campus,AWS Susquehanna campus (former Talen Cumulus Data campus),,US,Pennsylvania,Salem Township,,,locality,utility_power_mw,1920,1680,1920,"1,680 MW to 1,920 MW in 2032",announced,campus,owned,,2032,expected_completion,reported,4,Utility Dive,"Talen, Amazon ink 1.9-GW nuclear PPA for AWS data centers",https://www.utilitydive.com/news/talen-amazon-aws-susquehanna-nuclear-data-center-t/750440/,2025-06-11,"The contract, which runs through 2042, calls for delivering 840 MW to 1,200 MW in 2029 and 1,680 MW to 1,920 MW in 2032.","Power purchase agreement volume, not measured data center capacity. Talen release says power may also be delivered to other Pennsylvania sites, so not all 1,920 MW is necessarily this campus. Intermediate 2029 band 840-1,200 MW. Talen IR PDF returned 403."
aws,campus,AWS Susquehanna campus (former Talen Cumulus Data campus),,US,Pennsylvania,Salem Township,,,locality,utility_power_mw,300,,,300-MW co-location arrangement,operational,campus,owned,,2025-06-11,as_of,reported,4,Utility Dive,"Talen, Amazon ink 1.9-GW nuclear PPA for AWS data centers",https://www.utilitydive.com/news/talen-amazon-aws-susquehanna-nuclear-data-center-t/750440/,2025-06-11,"Talen's existing 300-MW co-location arrangement with AWS will shift to a ""front of the meter"" framework","Contracted behind-the-meter supply in place at article date, after FERC rejected the 480 MW interconnection amendment in November 2024. Supply contract, not a measured load."
aws,region,AWS US West (Oregon) - Morrow and Umatilla counties,,US,Oregon,,,,region_centroid,investment_usd,15600000000,15600000000,,more than $15.6 billion,operational,campus,owned,,2021,as_of,reported,1,Amazon,Committed to our communities: the economic impact of AWS's $15.6 billion investment in Oregon,https://aboutamazon.com/news/aws/committed-to-our-communities-the-economic-impact-of-awss-15-6-billion-investment-in-oregon,,we have devoted more than $15.6 billion in capital investment from 2012 through 2021.,"Cumulative capital investment 2012-2021 across both counties. Page undated. Page also says data centers 'directly employ more than 1,800 full-time employees across both counties'."
aws,campus,AWS Boardman exascale campus (Morrow County),,US,Oregon,Boardman,,,locality,facility_power_mw,1000,,,1-gigawatt facility,announced,campus,owned,,2026-04-05,announced,reported,4,Daily Tidings (republishing The Oregonian),Amazon Plans Oregon's First Exascale Data Center That Could Use More Power Than All Portland Homes,https://www.dailytidings.com/amazon-plans-oregons-first-exascale-data-center-that-could-use-more-power-than-all-portland-homes/,2026-04-05,Planning documents submitted to Morrow County set out a potential 1-gigawatt facility,"'Potential' figure from planning documents; Amazon told press plans are not final. Same article: 'on the nearly 1,300 acres near Boardman', 'over up to 20 buildings over 4 million square feet', investment 'At least $8 billion, potentially as high as $12 billion.' IT vs utility not stated. Morrow County planning file itself not opened; GeekWire and DCD versions returned 403."
aws,region,AWS Ohio expansion (outside Central Ohio),,US,Ohio,,,,region_centroid,investment_usd,10000000000,,,an estimated $10 billion,announced,campus,owned,,2030,expected_completion,reported,2,JobsOhio (Ohio governor release),Governor DeWine Announces $10 Billion Investment Plan from Amazon Web Services in Greater Ohio,https://www.jobsohio.com/newsroom/news-press/governor-dewine-announces-10-billion-investment-plan-from-amazon-web-services-in-greater-ohio,2024-12-16,plans to invest an estimated $10 billion in additional funding to expand its data center infrastructure across greater Ohio,"Sites not finalized at announcement; release: 'Investment plans are contingent upon the execution of long-term energy service agreements.' Release also gives cumulative planned Ohio investment since 2015 of 'more than $23 billion by the end of 2030', prior $7.8 billion plan (2023), 'more than $6 billion already invested through 2022', and '$10.3 billion' invested to date."
aws,region,AWS Europe (Spain) - Aragon,,ES,Aragon,,,,region_centroid,investment_usd,17000000000,,,15.7 billion euros,announced,campus,owned,,2033,expected_completion,derived,2,ICEX Invest in Spain (Spanish government),Amazon Web Services sets investment highs in Spain,https://www.investinspain.org/en/news/2024/aws,2024-06-03,"It will invest 15.7 billion euros to expand the AWS Europe region, located in Aragon.",USD value derived at about 1.08 USD/EUR (May 2024); value_original is the published figure. Announcement date 2024-05-22 per press coverage; page dated 06/03/2024. Replaces the 2.5 billion euro plan of 2021. Through 2033 per the page's GDP projection. No MW on the page. Municipalities not named.
aws,facility,AWS-HUMAIN AI Zone (Saudi Arabia),,SA,,,,,unknown,facility_power_mw,50,,50,up to 50MW,announced,facility,unknown,HUMAIN,2028,expected_completion,reported,1,Amazon,AWS to launch first cloud infrastructure region in the Kingdom of Saudi Arabia by December 2026,https://www.aboutamazon.com/news/aws/aws-cloud-region-saudi-arabia,,AWS and HUMAIN deepen partnership with a commitment to deliver up to 50MW of capacity in Saudi's first AI Zone by 2028.,"'Up to' figure; IT vs utility not stated. Ownership structure with HUMAIN (PIF-owned) not described; landlord column used for the partner, not a confirmed lease. Riyadh location per ppc.land, not the AWS page. Page undated; ppc.land dates the LEAP announcement 2026-09-05. Same page: Saudi region 'represents more than $5.3 billion (19.88 billion Saudi riyal) in planned cloud infrastructure investment', first announced March 2024, region on track for December 2026."
aws,region,AWS Australia (Sydney and Melbourne),,AU,,,,,region_centroid,investment_usd,13000000000,,,AU$20 billion,announced,campus,owned,,2029,expected_completion,derived,1,Amazon,Amazon to invest AU$20 billion in Australian data center infrastructure,https://aboutamazon.com/news/aws/amazon-data-center-investment-in-australia,,Amazon today announced plans to invest a new total of AU$20 billion from 2025 to 2029,"USD derived at about 0.65 USD/AUD (June 2025; press reported US$13 billion). Covers 2025-2029 for data centers in Sydney and Melbourne. Page undated; photo caption dated 2025-06-14 and coverage dates the announcement 2025-06-14/15. Page also commits to buying 'more than 170-megawatts (MW)' from three new solar farms (generation, not data center capacity)."
aws,region,AWS Japan (Tokyo and Osaka regions),,JP,,,,,region_centroid,investment_usd,15200000000,,,2.26 trillion yen,announced,campus,owned,,2027,expected_completion,derived,1,Amazon,AWS plans to invest 2.26 trillion yen into its Japanese cloud infrastructure by 2027,https://press.aboutamazon.com/aws/2024/1/aws-plans-to-invest-2-26-trillion-yen-into-its-japanese-cloud-infrastructure-by-2027,2024-01-19,plans to invest 2.26 trillion yen into its existing cloud infrastructure in Tokyo and Osaka by 2027,USD derived at about 148 JPY/USD (January 2024; press reported about $15.2 billion). Release also states 1.51 trillion yen invested 2011-2022 and a planned total of about 3.77 trillion yen by 2027.
aws,region,AWS India (Mumbai and Hyderabad regions),,IN,,,,,region_centroid,investment_usd,12700000000,,,"INR 1,05,600 crores (US $12.7 billion)",announced,campus,owned,,2030,expected_completion,reported,1,Amazon,"AWS to invest INR 1,05,600 crores (US $12.7 billion) into cloud infrastructure in India by 2030",https://press.aboutamazon.com/in/2023/5/aws-to-invest-inr-1-05-600-crores-us-12-7-billion-into-cloud-infrastructure-in-india,2023-05-18,"announced it plans to invest INR 1,05,600 crores (US $12.7 billion) into cloud infrastructure in India by 2030.",USD figure supplied by the source. Release also gives US $3.7 billion invested 2016-2022 (Mumbai) and a planned total of US $16.4 billion by 2030.
aws,region,AWS Georgia (Butts and Douglas counties),,US,Georgia,,,,region_centroid,investment_usd,11000000000,,,an estimated $11 billion,announced,campus,owned,,2025-01-07,announced,reported,2,Office of the Governor of Georgia (republished by Trade & Industry Development),"GA: AWS to Invest $11 Billion in Georgia to Expand Infrastructure to Support AI, Cloud Technologies",https://www.tradeandindustrydev.com/region/georgia/news/ga-aws-invest-11-billion-georgia-expand-34080.md,2025-01-21,has announced plans to invest an estimated $11 billion,Republication of the state release; the gov.georgia.gov original was not opened. Announcement date 2025-01-07 per press coverage; republisher shows 2025-01-21. At least 550 jobs; Amazon invested $18.5 billion in Georgia since 2010. Specific sites not disclosed.
aws,campus,AWS Richmond County campus (North Carolina),,US,North Carolina,,,,locality,investment_usd,10000000000,,,$10 Billion,announced,campus,owned,,2025-06-04,announced,reported,2,Economic Development Partnership of North Carolina,Amazon Plans to Invest $10 Billion in Richmond County North Carolina for AI Infrastructure,https://edpnc.com/?p=24941,2025-06-04,Amazon Plans to Invest $10 Billion in Richmond County North Carolina for AI Infrastructure,"Excerpt is the release headline. 500 jobs. Local coverage places the site at Energy Way Industrial Park, Rockingham, with up to 20 buildings; not on the EDPNC page. No MW."
aws,region,AWS Virginia (multiple campuses),,US,Virginia,,,,region_centroid,investment_usd,35000000000,,,$35 billion by 2040,announced,campus,owned,,2040,expected_completion,reported,4,WHSV,Amazon Web Services plans to invest $35 billion in Virginia by 2040,https://www.whsv.com/2023/01/20/amazon-web-services-plans-invest-35-billion-virginia-by-2040/,2023-01-20,invest $35 billion by 2040,"Governor Youngkin announcement of 2023-01-20. Primary sources failed: governor.virginia.gov release returned 404, VEDP release returned 403. Localities not chosen at announcement; at least 1,000 jobs."
aws,campus,"AWS Cruiserath Road campus, Dublin 15 (Data Centres E, F, G)",,IE,Fingal,Mulhuddart,,,locality,facility_power_mw,73,,,combined power load of 73MW,announced,campus,owned,,2025-12-26,as_of,reported,4,BreakingNews.ie,Planning granted for three Amazon Web Services data centres in Dublin,https://www.breakingnews.ie/ireland/planning-granted-for-three-amazon-web-services-data-centres-in-dublin-1845843.html,2025-12-26,Universal Developers LLC has secured planning permission for three data centres with a combined power load of 73MW,"Planning permission granted by An Coimisiun Pleanala; three buildings on 'a 65-acre land-holding at Cruiserath Road, Dublin 15'. Applicant Universal Developers LLC is an Amazon affiliate. 'Power load' not qualified as IT or utility. Fingal County Council first granted permission September 2023; appeals delayed it. Site address is specific; coordinates left for geocoding."
aws,facility,"52 Turner Road Data Centre (Gregory Hills, Sydney)",,AU,New South Wales,Gregory Hills,,,locality,facility_power_mw,40,,,capacity of 40 MW,cancelled,facility,owned,,2026-10-09,as_of,reported,2,NSW Department of Planning (Major Projects portal),52 Turner Road Data Centre,https://www.planningportal.nsw.gov.au/major-projects/projects/52-turner-road-data-centre,,Construction and operation of a data centre with a capacity of 40 MW,"Portal status 'Withdrawn' (SSD application). Portal page does not name Amazon; DCD (not fetchable) and The Urban Developer link the site to Amazon, which bought it in 2022. Withdrawal date not shown. Address 52 Turner Road is specific; coordinates left for geocoding. Treat Amazon attribution as reporting, not from the government record."
aws,campus,AWS Calvert Technology Center (Calvert Cliffs),,US,Maryland,Lusby,,,locality,facility_power_mw,500,,,around 500MW of capacity,cancelled,campus,owned,,2026-08-05,as_of,reported,4,Baxtel,AWS withdraws from planned data center campus near Maryland nuclear plant,https://baxtel.com/posts/aws-withdraws-from-planned-data-center-campus-near-maryland-nuclear-plant,2026-08-05,"would have included eight buildings totaling 2.46 million square feet (228,540 sqm) and around 500MW of capacity","'Around' figure; IT vs utility not stated. Eight buildings, 2.46 million sq ft, next to Constellation's Calvert Cliffs plant. Maryland Matters (2026-08-04) reported the withdrawal but returned 403. Baxtel: 'AWS confirmed it has dropped plans for the Calvert County project'."
aws,campus,"AWS third Louisa County campus (Northeast Creek Reservoir, Mineral District)",,US,Virginia,Mineral,,,locality,land_area_acres,1370,,,"1,370 acres",cancelled,campus,owned,,2025-07-28,as_of,reported,4,Virginia Business,Amazon cancels data center in Louisa County,https://virginiabusiness.com/amazon-cancels-data-center-in-louisa-county,2025-07-28,"a 7.2 million-square-foot data center campus on 1,370 acres in the county","Zoning applications withdrawn by letter from Amazon's attorney in late July 2025 (DCD gives 2025-07-23; not fetchable). Bisnow (2025-06-09) described the same proposal with seven substations and estimated close to a gigawatt, which is Bisnow's estimate and not recorded. Virginia Business: two other AWS campuses in Louisa (Lake Anna Technology Campus, North Creek Technology Campus) were under construction."
